rule_id,category,condition,confidence,is_enforced,line,modality,name,needs_review,origin,signal_strength,verification_method
BR-001,LIMIT_CHECK,(v_today_txn_total + p_amount) > v_daily_limit,confirmed,,91,deontic,Enforce Amount,False,named_exception,5,Test (exercise the code path)
BR-002,LIMIT_CHECK,v_from_balance < p_amount,confirmed,,79,deontic,Enforce From Balance at or above Amount,False,named_exception,5,Test (exercise the code path)
BR-003,LIMIT_CHECK,v_account_type = 'CURRENT_PREMIUM',confirmed,,33,deontic,Enforce Minimum Balance Req for CURRENT_PREMIUM,False,case_branch,5,Test (exercise the code path)
BR-004,LIMIT_CHECK,v_account_type = 'CURRENT_REGULAR',confirmed,,32,deontic,Enforce Minimum Balance Req for CURRENT_REGULAR,False,case_branch,5,Test (exercise the code path)
BR-005,LIMIT_CHECK,v_account_type = 'SAVINGS_PREMIUM',confirmed,,30,deontic,Enforce Minimum Balance Req for SAVINGS_PREMIUM,False,case_branch,5,Test (exercise the code path)
BR-006,LIMIT_CHECK,v_account_type = 'SAVINGS_REGULAR',confirmed,,29,deontic,Enforce Minimum Balance Req for SAVINGS_REGULAR,False,case_branch,5,Test (exercise the code path)
BR-007,LIMIT_CHECK,v_account_type = 'SAVINGS_ZERO_BAL',confirmed,,31,deontic,Enforce Minimum Balance Req for SAVINGS_ZERO_BAL,False,case_branch,5,Test (exercise the code path)
BR-008,ERROR_HANDLING,unhandled error on a single record,confirmed,,76,deontic,Isolate per-record failures from the batch,False,failure_isolation,5,Test (exercise the code path)
BR-009,ERROR_HANDLING,NO_DATA_FOUND,confirmed,,55,deontic,Report missing Accounts record,False,predefined_exception,5,Test (exercise the code path)
BR-010,ERROR_HANDLING,NO_DATA_FOUND,confirmed,,50,deontic,Report missing Accounts record,False,predefined_exception,5,Test (exercise the code path)
BR-011,ERROR_HANDLING,unrecoverable failure -> -20010,confirmed,,92,deontic,Report run failure as error -20010,False,error_contract,5,Test (exercise the code path)
BR-012,VALIDATION,row must exist in accounts,confirmed,,56,deontic,Require the Accounts record for From Account to exist,False,named_exception,5,Test (exercise the code path)
BR-013,VALIDATION,row must exist in accounts,confirmed,,71,deontic,Require the Accounts record for To Account to exist,False,named_exception,5,Test (exercise the code path)
BR-014,VALIDATION,"account_status IN ('ACTIVE','DORMANT','CLOSED')",confirmed,True,,alethic,Restrict Account Status to allowed values,False,ddl_check_constraint,5,Inspection (database schema)
BR-015,VALIDATION,account_status = 'ACTIVE' AND account_type LIKE 'SAVINGS%',confirmed,,17,deontic,Restrict processing to eligible Accounts records,False,cursor_eligibility,5,Test (exercise the code path)
BR-016,VALIDATION,p_amount IS NULL OR p_amount <= 0,confirmed,,36,deontic,Validate Amount,False,named_exception,5,Test (exercise the code path)
BR-017,VALIDATION,v_from_status <> 'ACTIVE',confirmed,,60,deontic,Validate From Status is ACTIVE,False,named_exception,5,Test (exercise the code path)
BR-018,VALIDATION,v_to_status <> 'ACTIVE',confirmed,,75,deontic,Validate To Status is ACTIVE,False,named_exception,5,Test (exercise the code path)
BR-019,CALCULATION,v_days_in_month := EXTRACT(DAY FROM LAST_DAY(p_run_date)),high,,32,deontic,Determine Days In Month,False,variable_derivation,4,Test (exercise the code path)
BR-020,CALCULATION,"v_days_inactive := p_as_of_date - NVL(v_last_txn_date, p_as_of_date - 9999)",high,,25,deontic,Determine Days Inactive,False,variable_derivation,4,Test (exercise the code path)
BR-021,CALCULATION,"v_interest := ROUND( (p_principal * p_annual_rate * p_tenure_days) / (100 * v_basis_days), 2 )",high,,39,deontic,Determine Interest,False,variable_derivation,4,Test (exercise the code path)
BR-022,CALCULATION,"v_interest_amount := ROUND( rec.balance * (v_interest_rate / 100) * (v_days_in_month / 365), 2 )",high,,49,deontic,Determine Interest Amount,False,variable_derivation,4,Test (exercise the code path)
BR-023,CALCULATION,"p_penalty_amount := LEAST(500, GREATEST(50, ROUND(p_shortfall_amount * 0.05, 2)))",high,,45,deontic,Determine Penalty Amount,False,variable_derivation,4,Test (exercise the code path)
BR-024,CALCULATION,"SELECT NVL(SUM(txn_amount), 0) INTO v_today_txn_total FROM transaction_ledger WHERE account_number = p_from_account AND txn_type = 'TRANSFER_OUT' AND TRUNC(txn_date) = TRUNC(SYSDATE)",high,,83,deontic,Determine Today Transaction Total,False,variable_derivation,4,Test (exercise the code path)
BR-025,LIMIT_CHECK,v_current_balance >= v_min_balance_req,high,,37,deontic,Enforce Current Balance at or above Minimum Balance Req,False,conditional_branch,4,Test (exercise the code path)
BR-026,LIMIT_CHECK,no preceding case matched,high,,34,deontic,Enforce default Minimum Balance Req,False,case_branch,4,Test (exercise the code path)
BR-027,VALIDATION,p_annual_rate IS NULL OR p_annual_rate < 0,high,,23,deontic,Validate Annual Rate,False,conditional_branch,4,Test (exercise the code path)
BR-028,VALIDATION,v_days_inactive > 365 AND v_current_status = 'ACTIVE',high,,27,deontic,Validate Current Status is ACTIVE,False,conditional_branch,4,Test (exercise the code path)
BR-029,VALIDATION,v_days_inactive <= 365 AND v_current_status = 'DORMANT',high,,40,deontic,Validate Current Status is DORMANT,False,conditional_branch,4,Test (exercise the code path)
BR-030,VALIDATION,p_day_count_basis = '360',high,,32,deontic,Validate Day Count Basis is 360,False,conditional_branch,4,Test (exercise the code path)
BR-031,VALIDATION,p_from_account = p_to_account,high,,39,deontic,Validate From Account is To Account,False,conditional_branch,4,Test (exercise the code path)
BR-032,VALIDATION,v_interest_amount > 0,high,,54,deontic,Validate Interest Amount above 0,False,conditional_branch,4,Test (exercise the code path)
BR-033,VALIDATION,p_principal IS NULL OR p_principal <= 0,high,,19,deontic,Validate Principal,False,conditional_branch,4,Test (exercise the code path)
BR-034,VALIDATION,p_tenure_days IS NULL OR p_tenure_days <= 0,high,,27,deontic,Validate Tenure Days,False,conditional_branch,4,Test (exercise the code path)
BR-035,VALIDATION,no preceding condition matched,medium,,45,deontic,Apply default Balance handling,False,conditional_branch,3,Test (exercise the code path)
BR-036,VALIDATION,no preceding condition matched,medium,,42,deontic,Apply default Current Balance handling,False,conditional_branch,3,Test (exercise the code path)
BR-037,VALIDATION,no preceding condition matched,medium,,49,deontic,Apply default Current Status handling,False,conditional_branch,3,Test (exercise the code path)
BR-038,VALIDATION,no preceding condition matched,medium,,35,deontic,Apply default Day Count Basis handling,False,conditional_branch,3,Test (exercise the code path)
BR-039,LIMIT_CHECK,rec.balance < 1000000,low,,41,deontic,"Enforce Balance below 1,000,000",True,conditional_branch,2,Test (exercise the code path)
BR-040,LIMIT_CHECK,rec.balance < 10000000,low,,43,deontic,"Enforce Balance below 10,000,000",True,conditional_branch,2,Test (exercise the code path)
BR-041,LIMIT_CHECK,rec.balance < 100000,low,,38,deontic,"Enforce Balance below 100,000",True,conditional_branch,2,Test (exercise the code path)
