column_id,is_identity,is_primary_key,is_virtual,name,nullable,oracle_type,table,target_type,title,usage_count
ACCOUNTS.ACCOUNT_NUMBER,False,True,False,ACCOUNT_NUMBER,False,VARCHAR2(20),ACCOUNTS,StringType,Account Number,4
ACCOUNTS.ACCOUNT_OPEN_DATE,False,False,False,ACCOUNT_OPEN_DATE,True,DATE,ACCOUNTS,TimestampType,Account Open Date,0
ACCOUNTS.ACCOUNT_STATUS,False,False,False,ACCOUNT_STATUS,False,VARCHAR2(20),ACCOUNTS,StringType,Account Status,2
ACCOUNTS.ACCOUNT_TYPE,False,False,False,ACCOUNT_TYPE,False,VARCHAR2(20),ACCOUNTS,StringType,Account Type,1
ACCOUNTS.BALANCE,False,False,False,BALANCE,False,"NUMBER(18,2)",ACCOUNTS,"DecimalType(18,2)",Balance,3
ACCOUNTS.CUSTOMER_ID,False,False,False,CUSTOMER_ID,False,VARCHAR2(20),ACCOUNTS,StringType,Customer Identifier,0
ACCOUNTS.DAILY_TRANSFER_LIMIT,False,False,False,DAILY_TRANSFER_LIMIT,True,"NUMBER(18,2)",ACCOUNTS,"DecimalType(18,2)",Daily Transfer Limit,1
ACCOUNTS.LAST_MODIFIED_BY,False,False,False,LAST_MODIFIED_BY,True,VARCHAR2(50),ACCOUNTS,StringType,Last Modified by,1
ACCOUNTS.LAST_TRANSACTION_DATE,False,False,False,LAST_TRANSACTION_DATE,True,DATE,ACCOUNTS,TimestampType,Last Transaction Date,3
ACCOUNTS.STATUS_CHANGE_DATE,False,False,False,STATUS_CHANGE_DATE,True,DATE,ACCOUNTS,TimestampType,Status Change Date,1
BATCH_CONTROL_LOG.BATCH_NAME,False,False,False,BATCH_NAME,False,VARCHAR2(50),BATCH_CONTROL_LOG,StringType,Batch Name,0
BATCH_CONTROL_LOG.BATCH_RUN_ID,False,True,False,BATCH_RUN_ID,False,NUMBER,BATCH_CONTROL_LOG,"DecimalType(38,10)",Batch Run Identifier,0
BATCH_CONTROL_LOG.BUSINESS_DATE,False,False,False,BUSINESS_DATE,False,DATE,BATCH_CONTROL_LOG,TimestampType,Business Date,0
BATCH_CONTROL_LOG.CONTROL_TOTAL,False,False,False,CONTROL_TOTAL,True,"NUMBER(20,2)",BATCH_CONTROL_LOG,"DecimalType(20,2)",Control Total,0
BATCH_CONTROL_LOG.END_TIME,False,False,False,END_TIME,True,TIMESTAMP,BATCH_CONTROL_LOG,TimestampType,End Time,0
BATCH_CONTROL_LOG.ERROR_MESSAGE,False,False,False,ERROR_MESSAGE,True,VARCHAR2(1000),BATCH_CONTROL_LOG,StringType,Error Message,0
BATCH_CONTROL_LOG.RECORDS_FAILED,False,False,False,RECORDS_FAILED,True,NUMBER,BATCH_CONTROL_LOG,"DecimalType(38,10)",Records Failed,0
BATCH_CONTROL_LOG.RECORDS_PROCESSED,False,False,False,RECORDS_PROCESSED,True,NUMBER,BATCH_CONTROL_LOG,"DecimalType(38,10)",Records Processed,0
BATCH_CONTROL_LOG.START_TIME,False,False,False,START_TIME,True,TIMESTAMP,BATCH_CONTROL_LOG,TimestampType,Start Time,0
BATCH_CONTROL_LOG.STATUS,False,False,False,STATUS,True,VARCHAR2(20),BATCH_CONTROL_LOG,StringType,Status,0
BATCH_ERROR_LOG.BATCH_NAME,False,False,False,BATCH_NAME,False,VARCHAR2(50),BATCH_ERROR_LOG,StringType,Batch Name,1
BATCH_ERROR_LOG.ENTITY_KEY,False,False,False,ENTITY_KEY,True,VARCHAR2(50),BATCH_ERROR_LOG,StringType,Entity Key,1
BATCH_ERROR_LOG.ERROR_MESSAGE,False,False,False,ERROR_MESSAGE,True,VARCHAR2(1000),BATCH_ERROR_LOG,StringType,Error Message,1
BATCH_ERROR_LOG.LOG_DATE,False,False,False,LOG_DATE,True,DATE,BATCH_ERROR_LOG,TimestampType,Log Date,1
BATCH_ERROR_LOG.LOG_ID,False,True,False,LOG_ID,False,NUMBER,BATCH_ERROR_LOG,"DecimalType(38,10)",Log Identifier,1
CUSTOMERS.CUSTOMER_ID,False,True,False,CUSTOMER_ID,False,VARCHAR2(20),CUSTOMERS,StringType,Customer Identifier,0
CUSTOMERS.CUSTOMER_NAME,False,False,False,CUSTOMER_NAME,False,VARCHAR2(150),CUSTOMERS,StringType,Customer Name,0
CUSTOMERS.CUSTOMER_SINCE_DATE,False,False,False,CUSTOMER_SINCE_DATE,True,DATE,CUSTOMERS,TimestampType,Customer Since Date,0
CUSTOMERS.DATE_OF_BIRTH,False,False,False,DATE_OF_BIRTH,True,DATE,CUSTOMERS,TimestampType,Date of Birth,0
CUSTOMERS.KYC_STATUS,False,False,False,KYC_STATUS,True,VARCHAR2(20),CUSTOMERS,StringType,Know Your Customer Status,0
CUSTOMERS.REGISTERED_COUNTRY,False,False,False,REGISTERED_COUNTRY,False,VARCHAR2(3),CUSTOMERS,StringType,Registered Country,0
FRAUD_SCORE_RESULTS.ACCOUNT_NUMBER,False,False,False,ACCOUNT_NUMBER,False,VARCHAR2(20),FRAUD_SCORE_RESULTS,StringType,Account Number,0
FRAUD_SCORE_RESULTS.RISK_REASONS,False,False,False,RISK_REASONS,True,VARCHAR2(4000),FRAUD_SCORE_RESULTS,StringType,Risk Reasons,0
FRAUD_SCORE_RESULTS.RISK_SCORE,False,False,False,RISK_SCORE,True,"NUMBER(5,0)",FRAUD_SCORE_RESULTS,IntegerType,Risk Score,0
FRAUD_SCORE_RESULTS.SCORED_DATE,False,False,False,SCORED_DATE,True,TIMESTAMP,FRAUD_SCORE_RESULTS,TimestampType,Scored Date,0
FRAUD_SCORE_RESULTS.TXN_AMOUNT,False,False,False,TXN_AMOUNT,False,"NUMBER(18,2)",FRAUD_SCORE_RESULTS,"DecimalType(18,2)",Transaction Amount,0
FRAUD_SCORE_RESULTS.TXN_ID,False,True,False,TXN_ID,False,NUMBER,FRAUD_SCORE_RESULTS,"DecimalType(38,10)",Transaction Identifier,0
HOLIDAY_CALENDAR.CALENDAR_TYPE,False,True,False,CALENDAR_TYPE,False,VARCHAR2(20),HOLIDAY_CALENDAR,StringType,Calendar Type,0
HOLIDAY_CALENDAR.DESCRIPTION,False,False,False,DESCRIPTION,True,VARCHAR2(100),HOLIDAY_CALENDAR,StringType,Description,0
HOLIDAY_CALENDAR.HOLIDAY_DATE,False,True,False,HOLIDAY_DATE,False,DATE,HOLIDAY_CALENDAR,TimestampType,Holiday Date,0
INTEREST_ACCRUAL_LEDGER.ACCOUNT_NUMBER,False,True,False,ACCOUNT_NUMBER,False,VARCHAR2(20),INTEREST_ACCRUAL_LEDGER,StringType,Account Number,0
INTEREST_ACCRUAL_LEDGER.ACCRUAL_DATE,False,True,False,ACCRUAL_DATE,False,DATE,INTEREST_ACCRUAL_LEDGER,TimestampType,Accrual Date,0
INTEREST_ACCRUAL_LEDGER.ACCRUED_AMOUNT,False,False,False,ACCRUED_AMOUNT,False,"NUMBER(18,4)",INTEREST_ACCRUAL_LEDGER,"DecimalType(18,4)",Accrued Amount,0
INTEREST_ACCRUAL_LEDGER.APPLIED_RATE,False,False,False,APPLIED_RATE,True,"NUMBER(6,3)",INTEREST_ACCRUAL_LEDGER,"DecimalType(6,3)",Applied Rate,0
INTEREST_ACCRUAL_LEDGER.LAST_UPDATED,False,False,False,LAST_UPDATED,True,TIMESTAMP,INTEREST_ACCRUAL_LEDGER,TimestampType,Last Updated,0
INTEREST_ACCRUAL_LEDGER.POSTED_FLAG,False,False,False,POSTED_FLAG,True,VARCHAR2(1),INTEREST_ACCRUAL_LEDGER,StringType,Posted Indicator,0
INTEREST_RATE_MASTER.ANNUAL_RATE,False,False,False,ANNUAL_RATE,False,"NUMBER(6,3)",INTEREST_RATE_MASTER,"DecimalType(6,3)",Annual Rate,0
INTEREST_RATE_MASTER.EFFECTIVE_DATE,False,True,False,EFFECTIVE_DATE,False,DATE,INTEREST_RATE_MASTER,TimestampType,Effective Date,0
INTEREST_RATE_MASTER.MAX_BALANCE,False,False,False,MAX_BALANCE,True,"NUMBER(18,2)",INTEREST_RATE_MASTER,"DecimalType(18,2)",Maximum Balance,0
INTEREST_RATE_MASTER.MIN_BALANCE,False,True,False,MIN_BALANCE,False,"NUMBER(18,2)",INTEREST_RATE_MASTER,"DecimalType(18,2)",Minimum Balance,0
INTEREST_RATE_MASTER.PRODUCT_CODE,False,True,False,PRODUCT_CODE,False,VARCHAR2(20),INTEREST_RATE_MASTER,StringType,Product Code,0
LOAN_AMORTIZATION_SCHEDULE.CLOSING_BALANCE,False,False,False,CLOSING_BALANCE,False,"NUMBER(18,2)",LOAN_AMORTIZATION_SCHEDULE,"DecimalType(18,2)",Closing Balance,0
LOAN_AMORTIZATION_SCHEDULE.DUE_DATE,False,False,False,DUE_DATE,False,DATE,LOAN_AMORTIZATION_SCHEDULE,TimestampType,Due Date,0
LOAN_AMORTIZATION_SCHEDULE.EMI_AMOUNT,False,False,False,EMI_AMOUNT,False,"NUMBER(18,2)",LOAN_AMORTIZATION_SCHEDULE,"DecimalType(18,2)",Equated Monthly Instalment Amount,0
LOAN_AMORTIZATION_SCHEDULE.INSTALLMENT_NO,False,True,False,INSTALLMENT_NO,False,NUMBER,LOAN_AMORTIZATION_SCHEDULE,"DecimalType(38,10)",Installment No,0
LOAN_AMORTIZATION_SCHEDULE.INTEREST_COMPONENT,False,False,False,INTEREST_COMPONENT,False,"NUMBER(18,2)",LOAN_AMORTIZATION_SCHEDULE,"DecimalType(18,2)",Interest Component,0
LOAN_AMORTIZATION_SCHEDULE.LOAN_ACCOUNT_NUMBER,False,True,False,LOAN_ACCOUNT_NUMBER,False,VARCHAR2(20),LOAN_AMORTIZATION_SCHEDULE,StringType,Loan Account Number,0
LOAN_AMORTIZATION_SCHEDULE.OPENING_BALANCE,False,False,False,OPENING_BALANCE,False,"NUMBER(18,2)",LOAN_AMORTIZATION_SCHEDULE,"DecimalType(18,2)",Opening Balance,0
LOAN_AMORTIZATION_SCHEDULE.PRINCIPAL_COMPONENT,False,False,False,PRINCIPAL_COMPONENT,False,"NUMBER(18,2)",LOAN_AMORTIZATION_SCHEDULE,"DecimalType(18,2)",Principal Component,0
LOAN_MASTER.ANNUAL_INTEREST_RATE,False,False,False,ANNUAL_INTEREST_RATE,False,"NUMBER(6,3)",LOAN_MASTER,"DecimalType(6,3)",Annual Interest Rate,0
LOAN_MASTER.COLLATERAL_VALUE,False,False,False,COLLATERAL_VALUE,True,"NUMBER(18,2)",LOAN_MASTER,"DecimalType(18,2)",Collateral Value,0
LOAN_MASTER.CUSTOMER_ID,False,False,False,CUSTOMER_ID,False,VARCHAR2(20),LOAN_MASTER,StringType,Customer Identifier,0
LOAN_MASTER.DISBURSEMENT_DATE,False,False,False,DISBURSEMENT_DATE,False,DATE,LOAN_MASTER,TimestampType,Disbursement Date,0
LOAN_MASTER.IS_RESTRUCTURED,False,False,False,IS_RESTRUCTURED,True,VARCHAR2(1),LOAN_MASTER,StringType,Is Restructured,0
LOAN_MASTER.LOAN_ACCOUNT_NUMBER,False,True,False,LOAN_ACCOUNT_NUMBER,False,VARCHAR2(20),LOAN_MASTER,StringType,Loan Account Number,0
LOAN_MASTER.LOAN_STATUS,False,False,False,LOAN_STATUS,True,VARCHAR2(20),LOAN_MASTER,StringType,Loan Status,0
LOAN_MASTER.LOAN_TYPE,False,False,False,LOAN_TYPE,False,VARCHAR2(20),LOAN_MASTER,StringType,Loan Type,0
LOAN_MASTER.OUTSTANDING_PRINCIPAL,False,False,False,OUTSTANDING_PRINCIPAL,False,"NUMBER(18,2)",LOAN_MASTER,"DecimalType(18,2)",Outstanding Principal,0
LOAN_MASTER.PRINCIPAL_AMOUNT,False,False,False,PRINCIPAL_AMOUNT,False,"NUMBER(18,2)",LOAN_MASTER,"DecimalType(18,2)",Principal Amount,0
LOAN_MASTER.RATE_RESET_FREQUENCY_MONTHS,False,False,False,RATE_RESET_FREQUENCY_MONTHS,True,NUMBER,LOAN_MASTER,"DecimalType(38,10)",Rate Reset Frequency Months,0
LOAN_MASTER.RESTRUCTURE_DATE,False,False,False,RESTRUCTURE_DATE,True,DATE,LOAN_MASTER,TimestampType,Restructure Date,0
LOAN_MASTER.TENURE_MONTHS,False,False,False,TENURE_MONTHS,False,NUMBER,LOAN_MASTER,"DecimalType(38,10)",Tenure Months,0
LOAN_RATE_RESET_HISTORY.EFFECTIVE_INSTALLMENT_NO,False,True,False,EFFECTIVE_INSTALLMENT_NO,False,NUMBER,LOAN_RATE_RESET_HISTORY,"DecimalType(38,10)",Effective Installment No,0
LOAN_RATE_RESET_HISTORY.LOAN_ACCOUNT_NUMBER,False,True,False,LOAN_ACCOUNT_NUMBER,False,VARCHAR2(20),LOAN_RATE_RESET_HISTORY,StringType,Loan Account Number,0
LOAN_RATE_RESET_HISTORY.RESET_DATE,False,False,False,RESET_DATE,True,DATE,LOAN_RATE_RESET_HISTORY,TimestampType,Reset Date,0
LOAN_RATE_RESET_HISTORY.REVISED_ANNUAL_RATE,False,False,False,REVISED_ANNUAL_RATE,False,"NUMBER(6,3)",LOAN_RATE_RESET_HISTORY,"DecimalType(6,3)",Revised Annual Rate,0
LOAN_REPAYMENT_TRACKER.AS_OF_DATE,False,True,False,AS_OF_DATE,False,DATE,LOAN_REPAYMENT_TRACKER,TimestampType,As of Date,0
LOAN_REPAYMENT_TRACKER.DAYS_PAST_DUE,False,False,False,DAYS_PAST_DUE,True,NUMBER,LOAN_REPAYMENT_TRACKER,"DecimalType(38,10)",Days Past Due,0
LOAN_REPAYMENT_TRACKER.LAST_PAYMENT_AMOUNT,False,False,False,LAST_PAYMENT_AMOUNT,True,"NUMBER(18,2)",LOAN_REPAYMENT_TRACKER,"DecimalType(18,2)",Last Payment Amount,0
LOAN_REPAYMENT_TRACKER.LAST_PAYMENT_DATE,False,False,False,LAST_PAYMENT_DATE,True,DATE,LOAN_REPAYMENT_TRACKER,TimestampType,Last Payment Date,0
LOAN_REPAYMENT_TRACKER.LOAN_ACCOUNT_NUMBER,False,True,False,LOAN_ACCOUNT_NUMBER,False,VARCHAR2(20),LOAN_REPAYMENT_TRACKER,StringType,Loan Account Number,0
NPA_CLASSIFICATION_HISTORY.CLASSIFICATION,False,False,False,CLASSIFICATION,False,VARCHAR2(20),NPA_CLASSIFICATION_HISTORY,StringType,Classification,0
NPA_CLASSIFICATION_HISTORY.CLASSIFICATION_DATE,False,True,False,CLASSIFICATION_DATE,False,DATE,NPA_CLASSIFICATION_HISTORY,TimestampType,Classification Date,0
NPA_CLASSIFICATION_HISTORY.COLLATERAL_COVER_PCT,False,False,False,COLLATERAL_COVER_PCT,True,"NUMBER(6,2)",NPA_CLASSIFICATION_HISTORY,"DecimalType(6,2)",Collateral Cover Percentage,0
NPA_CLASSIFICATION_HISTORY.DAYS_PAST_DUE,False,False,False,DAYS_PAST_DUE,True,NUMBER,NPA_CLASSIFICATION_HISTORY,"DecimalType(38,10)",Days Past Due,0
NPA_CLASSIFICATION_HISTORY.LOAN_ACCOUNT_NUMBER,False,True,False,LOAN_ACCOUNT_NUMBER,False,VARCHAR2(20),NPA_CLASSIFICATION_HISTORY,StringType,Loan Account Number,0
NPA_CLASSIFICATION_HISTORY.MOVEMENT_TYPE,False,False,False,MOVEMENT_TYPE,True,VARCHAR2(20),NPA_CLASSIFICATION_HISTORY,StringType,Movement Type,0
NPA_CLASSIFICATION_HISTORY.OUTSTANDING_PRINCIPAL,False,False,False,OUTSTANDING_PRINCIPAL,True,"NUMBER(18,2)",NPA_CLASSIFICATION_HISTORY,"DecimalType(18,2)",Outstanding Principal,0
NPA_CLASSIFICATION_HISTORY.PRIOR_CLASSIFICATION,False,False,False,PRIOR_CLASSIFICATION,True,VARCHAR2(20),NPA_CLASSIFICATION_HISTORY,StringType,Prior Classification,0
NPA_CLASSIFICATION_HISTORY.PROVISIONING_AMOUNT,False,False,False,PROVISIONING_AMOUNT,True,"NUMBER(18,2)",NPA_CLASSIFICATION_HISTORY,"DecimalType(18,2)",Provisioning Amount,0
NPA_PROVISIONING_SUMMARY.QUARTER_END_DATE,False,True,False,QUARTER_END_DATE,False,DATE,NPA_PROVISIONING_SUMMARY,TimestampType,Quarter End Date,0
NPA_PROVISIONING_SUMMARY.RUN_TIMESTAMP,False,False,False,RUN_TIMESTAMP,True,TIMESTAMP,NPA_PROVISIONING_SUMMARY,TimestampType,Run Timestamp,0
NPA_PROVISIONING_SUMMARY.TOTAL_ACCOUNTS,False,False,False,TOTAL_ACCOUNTS,True,NUMBER,NPA_PROVISIONING_SUMMARY,"DecimalType(38,10)",Total Accounts,0
NPA_PROVISIONING_SUMMARY.TOTAL_PROVISIONING_AMOUNT,False,False,False,TOTAL_PROVISIONING_AMOUNT,True,"NUMBER(20,2)",NPA_PROVISIONING_SUMMARY,"DecimalType(20,2)",Total Provisioning Amount,0
TRANSACTION_LEDGER.ACCOUNT_NUMBER,False,False,False,ACCOUNT_NUMBER,False,VARCHAR2(20),TRANSACTION_LEDGER,StringType,Account Number,2
TRANSACTION_LEDGER.BENEFICIARY_ID,False,False,False,BENEFICIARY_ID,True,VARCHAR2(20),TRANSACTION_LEDGER,StringType,Beneficiary Identifier,0
TRANSACTION_LEDGER.HOLD_FLAG,False,False,False,HOLD_FLAG,True,VARCHAR2(1),TRANSACTION_LEDGER,StringType,Hold Indicator,0
TRANSACTION_LEDGER.NARRATION,False,False,False,NARRATION,True,VARCHAR2(200),TRANSACTION_LEDGER,StringType,Narration,2
TRANSACTION_LEDGER.ORIGIN_COUNTRY,False,False,False,ORIGIN_COUNTRY,True,VARCHAR2(3),TRANSACTION_LEDGER,StringType,Origin Country,0
TRANSACTION_LEDGER.REFERENCE_NUMBER,False,False,False,REFERENCE_NUMBER,True,VARCHAR2(50),TRANSACTION_LEDGER,StringType,Reference Number,1
TRANSACTION_LEDGER.RUNNING_BALANCE,False,False,False,RUNNING_BALANCE,True,"NUMBER(18,2)",TRANSACTION_LEDGER,"DecimalType(18,2)",Running Balance,2
TRANSACTION_LEDGER.TXN_AMOUNT,False,False,False,TXN_AMOUNT,False,"NUMBER(18,2)",TRANSACTION_LEDGER,"DecimalType(18,2)",Transaction Amount,2
TRANSACTION_LEDGER.TXN_DATE,False,False,False,TXN_DATE,False,DATE,TRANSACTION_LEDGER,TimestampType,Transaction Date,2
TRANSACTION_LEDGER.TXN_ID,False,True,False,TXN_ID,False,NUMBER,TRANSACTION_LEDGER,"DecimalType(38,10)",Transaction Identifier,2
TRANSACTION_LEDGER.TXN_TYPE,False,False,False,TXN_TYPE,False,VARCHAR2(20),TRANSACTION_LEDGER,StringType,Transaction Type,2
