statement_id,end_line,line,nesting_depth,object_id,type
01_SIMPLE_CALCULATE_SIMPLE_INTEREST__4CCD8A69__FUNC-.FN_CALCULATE_SIMPLE_INTEREST__STMT_0001,21,19,1,FUNC-.FN_CALCULATE_SIMPLE_INTEREST,IF
01_SIMPLE_CALCULATE_SIMPLE_INTEREST__4CCD8A69__FUNC-.FN_CALCULATE_SIMPLE_INTEREST__STMT_0002,20,20,2,FUNC-.FN_CALCULATE_SIMPLE_INTEREST,CALL
01_SIMPLE_CALCULATE_SIMPLE_INTEREST__4CCD8A69__FUNC-.FN_CALCULATE_SIMPLE_INTEREST__STMT_0003,25,23,1,FUNC-.FN_CALCULATE_SIMPLE_INTEREST,IF
01_SIMPLE_CALCULATE_SIMPLE_INTEREST__4CCD8A69__FUNC-.FN_CALCULATE_SIMPLE_INTEREST__STMT_0004,24,24,2,FUNC-.FN_CALCULATE_SIMPLE_INTEREST,CALL
01_SIMPLE_CALCULATE_SIMPLE_INTEREST__4CCD8A69__FUNC-.FN_CALCULATE_SIMPLE_INTEREST__STMT_0005,29,27,1,FUNC-.FN_CALCULATE_SIMPLE_INTEREST,IF
01_SIMPLE_CALCULATE_SIMPLE_INTEREST__4CCD8A69__FUNC-.FN_CALCULATE_SIMPLE_INTEREST__STMT_0006,28,28,2,FUNC-.FN_CALCULATE_SIMPLE_INTEREST,CALL
01_SIMPLE_CALCULATE_SIMPLE_INTEREST__4CCD8A69__FUNC-.FN_CALCULATE_SIMPLE_INTEREST__STMT_0007,36,32,1,FUNC-.FN_CALCULATE_SIMPLE_INTEREST,IF
01_SIMPLE_CALCULATE_SIMPLE_INTEREST__4CCD8A69__FUNC-.FN_CALCULATE_SIMPLE_INTEREST__STMT_0008,33,33,2,FUNC-.FN_CALCULATE_SIMPLE_INTEREST,ASSIGNMENT
01_SIMPLE_CALCULATE_SIMPLE_INTEREST__4CCD8A69__FUNC-.FN_CALCULATE_SIMPLE_INTEREST__STMT_0009,35,35,2,FUNC-.FN_CALCULATE_SIMPLE_INTEREST,ASSIGNMENT
01_SIMPLE_CALCULATE_SIMPLE_INTEREST__4CCD8A69__FUNC-.FN_CALCULATE_SIMPLE_INTEREST__STMT_0010,40,39,1,FUNC-.FN_CALCULATE_SIMPLE_INTEREST,ASSIGNMENT
01_SIMPLE_CALCULATE_SIMPLE_INTEREST__4CCD8A69__FUNC-.FN_CALCULATE_SIMPLE_INTEREST__STMT_0011,42,42,1,FUNC-.FN_CALCULATE_SIMPLE_INTEREST,RETURN
01_SIMPLE_CALCULATE_SIMPLE_INTEREST__4CCD8A69__FUNC-.FN_CALCULATE_SIMPLE_INTEREST__STMT_0012,47,45,1,FUNC-.FN_CALCULATE_SIMPLE_INTEREST,EXCEPTION_HANDLER
01_SIMPLE_CALCULATE_SIMPLE_INTEREST__4CCD8A69__FUNC-.FN_CALCULATE_SIMPLE_INTEREST__STMT_0013,46,46,2,FUNC-.FN_CALCULATE_SIMPLE_INTEREST,CALL
01_SIMPLE_CALCULATE_SIMPLE_INTEREST__4CCD8A69__FUNC-.FN_CALCULATE_SIMPLE_INTEREST__STMT_0014,47,47,2,FUNC-.FN_CALCULATE_SIMPLE_INTEREST,RAISE
02_SIMPLE_UPDATE_DORMANT_ACCOUNT_STATUS__D2070F06__PROC-.SP_UPDATE_DORMANT_ACCOUNT_STATUS__STMT_0001,23,20,1,PROC-.SP_UPDATE_DORMANT_ACCOUNT_STATUS,SELECT_INTO
02_SIMPLE_UPDATE_DORMANT_ACCOUNT_STATUS__D2070F06__PROC-.SP_UPDATE_DORMANT_ACCOUNT_STATUS__STMT_0002,25,25,1,PROC-.SP_UPDATE_DORMANT_ACCOUNT_STATUS,ASSIGNMENT
02_SIMPLE_UPDATE_DORMANT_ACCOUNT_STATUS__D2070F06__PROC-.SP_UPDATE_DORMANT_ACCOUNT_STATUS__STMT_0003,50,27,1,PROC-.SP_UPDATE_DORMANT_ACCOUNT_STATUS,IF
02_SIMPLE_UPDATE_DORMANT_ACCOUNT_STATUS__D2070F06__PROC-.SP_UPDATE_DORMANT_ACCOUNT_STATUS__STMT_0004,33,29,2,PROC-.SP_UPDATE_DORMANT_ACCOUNT_STATUS,UPDATE
02_SIMPLE_UPDATE_DORMANT_ACCOUNT_STATUS__D2070F06__PROC-.SP_UPDATE_DORMANT_ACCOUNT_STATUS__STMT_0005,35,35,2,PROC-.SP_UPDATE_DORMANT_ACCOUNT_STATUS,ASSIGNMENT
02_SIMPLE_UPDATE_DORMANT_ACCOUNT_STATUS__D2070F06__PROC-.SP_UPDATE_DORMANT_ACCOUNT_STATUS__STMT_0006,44,40,2,PROC-.SP_UPDATE_DORMANT_ACCOUNT_STATUS,UPDATE
02_SIMPLE_UPDATE_DORMANT_ACCOUNT_STATUS__D2070F06__PROC-.SP_UPDATE_DORMANT_ACCOUNT_STATUS__STMT_0007,46,46,2,PROC-.SP_UPDATE_DORMANT_ACCOUNT_STATUS,ASSIGNMENT
02_SIMPLE_UPDATE_DORMANT_ACCOUNT_STATUS__D2070F06__PROC-.SP_UPDATE_DORMANT_ACCOUNT_STATUS__STMT_0008,49,49,2,PROC-.SP_UPDATE_DORMANT_ACCOUNT_STATUS,ASSIGNMENT
02_SIMPLE_UPDATE_DORMANT_ACCOUNT_STATUS__D2070F06__PROC-.SP_UPDATE_DORMANT_ACCOUNT_STATUS__STMT_0009,52,52,1,PROC-.SP_UPDATE_DORMANT_ACCOUNT_STATUS,COMMIT
02_SIMPLE_UPDATE_DORMANT_ACCOUNT_STATUS__D2070F06__PROC-.SP_UPDATE_DORMANT_ACCOUNT_STATUS__STMT_0010,56,55,1,PROC-.SP_UPDATE_DORMANT_ACCOUNT_STATUS,EXCEPTION_HANDLER
02_SIMPLE_UPDATE_DORMANT_ACCOUNT_STATUS__D2070F06__PROC-.SP_UPDATE_DORMANT_ACCOUNT_STATUS__STMT_0011,56,56,2,PROC-.SP_UPDATE_DORMANT_ACCOUNT_STATUS,ASSIGNMENT
02_SIMPLE_UPDATE_DORMANT_ACCOUNT_STATUS__D2070F06__PROC-.SP_UPDATE_DORMANT_ACCOUNT_STATUS__STMT_0012,60,57,1,PROC-.SP_UPDATE_DORMANT_ACCOUNT_STATUS,EXCEPTION_HANDLER
02_SIMPLE_UPDATE_DORMANT_ACCOUNT_STATUS__D2070F06__PROC-.SP_UPDATE_DORMANT_ACCOUNT_STATUS__STMT_0013,58,58,2,PROC-.SP_UPDATE_DORMANT_ACCOUNT_STATUS,ROLLBACK
02_SIMPLE_UPDATE_DORMANT_ACCOUNT_STATUS__D2070F06__PROC-.SP_UPDATE_DORMANT_ACCOUNT_STATUS__STMT_0014,59,59,2,PROC-.SP_UPDATE_DORMANT_ACCOUNT_STATUS,ASSIGNMENT
02_SIMPLE_UPDATE_DORMANT_ACCOUNT_STATUS__D2070F06__PROC-.SP_UPDATE_DORMANT_ACCOUNT_STATUS__STMT_0015,60,60,2,PROC-.SP_UPDATE_DORMANT_ACCOUNT_STATUS,RAISE
03_SIMPLE_CHECK_MINIMUM_BALANCE__C83B3807__PROC-.SP_CHECK_MINIMUM_BALANCE__STMT_0001,24,21,1,PROC-.SP_CHECK_MINIMUM_BALANCE,SELECT_INTO
03_SIMPLE_CHECK_MINIMUM_BALANCE__C83B3807__PROC-.SP_CHECK_MINIMUM_BALANCE__STMT_0002,35,27,1,PROC-.SP_CHECK_MINIMUM_BALANCE,ASSIGNMENT
03_SIMPLE_CHECK_MINIMUM_BALANCE__C83B3807__PROC-.SP_CHECK_MINIMUM_BALANCE__STMT_0003,47,37,1,PROC-.SP_CHECK_MINIMUM_BALANCE,IF
03_SIMPLE_CHECK_MINIMUM_BALANCE__C83B3807__PROC-.SP_CHECK_MINIMUM_BALANCE__STMT_0004,38,38,2,PROC-.SP_CHECK_MINIMUM_BALANCE,ASSIGNMENT
03_SIMPLE_CHECK_MINIMUM_BALANCE__C83B3807__PROC-.SP_CHECK_MINIMUM_BALANCE__STMT_0005,39,39,2,PROC-.SP_CHECK_MINIMUM_BALANCE,ASSIGNMENT
03_SIMPLE_CHECK_MINIMUM_BALANCE__C83B3807__PROC-.SP_CHECK_MINIMUM_BALANCE__STMT_0006,40,40,2,PROC-.SP_CHECK_MINIMUM_BALANCE,ASSIGNMENT
03_SIMPLE_CHECK_MINIMUM_BALANCE__C83B3807__PROC-.SP_CHECK_MINIMUM_BALANCE__STMT_0007,42,42,2,PROC-.SP_CHECK_MINIMUM_BALANCE,ASSIGNMENT
03_SIMPLE_CHECK_MINIMUM_BALANCE__C83B3807__PROC-.SP_CHECK_MINIMUM_BALANCE__STMT_0008,45,45,2,PROC-.SP_CHECK_MINIMUM_BALANCE,ASSIGNMENT
03_SIMPLE_CHECK_MINIMUM_BALANCE__C83B3807__PROC-.SP_CHECK_MINIMUM_BALANCE__STMT_0009,46,46,2,PROC-.SP_CHECK_MINIMUM_BALANCE,ASSIGNMENT
03_SIMPLE_CHECK_MINIMUM_BALANCE__C83B3807__PROC-.SP_CHECK_MINIMUM_BALANCE__STMT_0010,53,50,1,PROC-.SP_CHECK_MINIMUM_BALANCE,EXCEPTION_HANDLER
03_SIMPLE_CHECK_MINIMUM_BALANCE__C83B3807__PROC-.SP_CHECK_MINIMUM_BALANCE__STMT_0011,51,51,2,PROC-.SP_CHECK_MINIMUM_BALANCE,ASSIGNMENT
03_SIMPLE_CHECK_MINIMUM_BALANCE__C83B3807__PROC-.SP_CHECK_MINIMUM_BALANCE__STMT_0012,52,52,2,PROC-.SP_CHECK_MINIMUM_BALANCE,ASSIGNMENT
03_SIMPLE_CHECK_MINIMUM_BALANCE__C83B3807__PROC-.SP_CHECK_MINIMUM_BALANCE__STMT_0013,53,53,2,PROC-.SP_CHECK_MINIMUM_BALANCE,ASSIGNMENT
03_SIMPLE_CHECK_MINIMUM_BALANCE__C83B3807__PROC-.SP_CHECK_MINIMUM_BALANCE__STMT_0014,56,54,1,PROC-.SP_CHECK_MINIMUM_BALANCE,EXCEPTION_HANDLER
03_SIMPLE_CHECK_MINIMUM_BALANCE__C83B3807__PROC-.SP_CHECK_MINIMUM_BALANCE__STMT_0015,55,55,2,PROC-.SP_CHECK_MINIMUM_BALANCE,ASSIGNMENT
03_SIMPLE_CHECK_MINIMUM_BALANCE__C83B3807__PROC-.SP_CHECK_MINIMUM_BALANCE__STMT_0016,56,56,2,PROC-.SP_CHECK_MINIMUM_BALANCE,RAISE
04_MEDIUM_PROCESS_MONTHLY_INTEREST_CREDIT__B115DB87__PROC-.SP_PROCESS_MONTHLY_INTEREST_CREDIT__STMT_0001,29,29,1,PROC-.SP_PROCESS_MONTHLY_INTEREST_CREDIT,ASSIGNMENT
04_MEDIUM_PROCESS_MONTHLY_INTEREST_CREDIT__B115DB87__PROC-.SP_PROCESS_MONTHLY_INTEREST_CREDIT__STMT_0002,30,30,1,PROC-.SP_PROCESS_MONTHLY_INTEREST_CREDIT,ASSIGNMENT
04_MEDIUM_PROCESS_MONTHLY_INTEREST_CREDIT__B115DB87__PROC-.SP_PROCESS_MONTHLY_INTEREST_CREDIT__STMT_0003,32,32,1,PROC-.SP_PROCESS_MONTHLY_INTEREST_CREDIT,ASSIGNMENT
04_MEDIUM_PROCESS_MONTHLY_INTEREST_CREDIT__B115DB87__PROC-.SP_PROCESS_MONTHLY_INTEREST_CREDIT__STMT_0004,87,34,1,PROC-.SP_PROCESS_MONTHLY_INTEREST_CREDIT,LOOP
04_MEDIUM_PROCESS_MONTHLY_INTEREST_CREDIT__B115DB87__PROC-.SP_PROCESS_MONTHLY_INTEREST_CREDIT__STMT_0005,85,36,2,PROC-.SP_PROCESS_MONTHLY_INTEREST_CREDIT,BODY
04_MEDIUM_PROCESS_MONTHLY_INTEREST_CREDIT__B115DB87__PROC-.SP_PROCESS_MONTHLY_INTEREST_CREDIT__STMT_0006,46,38,3,PROC-.SP_PROCESS_MONTHLY_INTEREST_CREDIT,IF
04_MEDIUM_PROCESS_MONTHLY_INTEREST_CREDIT__B115DB87__PROC-.SP_PROCESS_MONTHLY_INTEREST_CREDIT__STMT_0007,39,39,4,PROC-.SP_PROCESS_MONTHLY_INTEREST_CREDIT,ASSIGNMENT
04_MEDIUM_PROCESS_MONTHLY_INTEREST_CREDIT__B115DB87__PROC-.SP_PROCESS_MONTHLY_INTEREST_CREDIT__STMT_0008,41,41,4,PROC-.SP_PROCESS_MONTHLY_INTEREST_CREDIT,ASSIGNMENT
04_MEDIUM_PROCESS_MONTHLY_INTEREST_CREDIT__B115DB87__PROC-.SP_PROCESS_MONTHLY_INTEREST_CREDIT__STMT_0009,43,43,4,PROC-.SP_PROCESS_MONTHLY_INTEREST_CREDIT,ASSIGNMENT
04_MEDIUM_PROCESS_MONTHLY_INTEREST_CREDIT__B115DB87__PROC-.SP_PROCESS_MONTHLY_INTEREST_CREDIT__STMT_0010,45,45,4,PROC-.SP_PROCESS_MONTHLY_INTEREST_CREDIT,ASSIGNMENT
04_MEDIUM_PROCESS_MONTHLY_INTEREST_CREDIT__B115DB87__PROC-.SP_PROCESS_MONTHLY_INTEREST_CREDIT__STMT_0011,52,49,3,PROC-.SP_PROCESS_MONTHLY_INTEREST_CREDIT,ASSIGNMENT
04_MEDIUM_PROCESS_MONTHLY_INTEREST_CREDIT__B115DB87__PROC-.SP_PROCESS_MONTHLY_INTEREST_CREDIT__STMT_0012,73,54,3,PROC-.SP_PROCESS_MONTHLY_INTEREST_CREDIT,IF
04_MEDIUM_PROCESS_MONTHLY_INTEREST_CREDIT__B115DB87__PROC-.SP_PROCESS_MONTHLY_INTEREST_CREDIT__STMT_0013,56,56,4,PROC-.SP_PROCESS_MONTHLY_INTEREST_CREDIT,ASSIGNMENT
04_MEDIUM_PROCESS_MONTHLY_INTEREST_CREDIT__B115DB87__PROC-.SP_PROCESS_MONTHLY_INTEREST_CREDIT__STMT_0014,61,58,4,PROC-.SP_PROCESS_MONTHLY_INTEREST_CREDIT,UPDATE
04_MEDIUM_PROCESS_MONTHLY_INTEREST_CREDIT__B115DB87__PROC-.SP_PROCESS_MONTHLY_INTEREST_CREDIT__STMT_0015,70,63,4,PROC-.SP_PROCESS_MONTHLY_INTEREST_CREDIT,INSERT
04_MEDIUM_PROCESS_MONTHLY_INTEREST_CREDIT__B115DB87__PROC-.SP_PROCESS_MONTHLY_INTEREST_CREDIT__STMT_0016,72,72,4,PROC-.SP_PROCESS_MONTHLY_INTEREST_CREDIT,ASSIGNMENT
04_MEDIUM_PROCESS_MONTHLY_INTEREST_CREDIT__B115DB87__PROC-.SP_PROCESS_MONTHLY_INTEREST_CREDIT__STMT_0017,84,76,3,PROC-.SP_PROCESS_MONTHLY_INTEREST_CREDIT,EXCEPTION_HANDLER
04_MEDIUM_PROCESS_MONTHLY_INTEREST_CREDIT__B115DB87__PROC-.SP_PROCESS_MONTHLY_INTEREST_CREDIT__STMT_0018,83,78,4,PROC-.SP_PROCESS_MONTHLY_INTEREST_CREDIT,INSERT
04_MEDIUM_PROCESS_MONTHLY_INTEREST_CREDIT__B115DB87__PROC-.SP_PROCESS_MONTHLY_INTEREST_CREDIT__STMT_0019,84,84,4,PROC-.SP_PROCESS_MONTHLY_INTEREST_CREDIT,ASSIGNMENT
04_MEDIUM_PROCESS_MONTHLY_INTEREST_CREDIT__B115DB87__PROC-.SP_PROCESS_MONTHLY_INTEREST_CREDIT__STMT_0020,89,89,1,PROC-.SP_PROCESS_MONTHLY_INTEREST_CREDIT,COMMIT
04_MEDIUM_PROCESS_MONTHLY_INTEREST_CREDIT__B115DB87__PROC-.SP_PROCESS_MONTHLY_INTEREST_CREDIT__STMT_0021,95,92,1,PROC-.SP_PROCESS_MONTHLY_INTEREST_CREDIT,EXCEPTION_HANDLER
04_MEDIUM_PROCESS_MONTHLY_INTEREST_CREDIT__B115DB87__PROC-.SP_PROCESS_MONTHLY_INTEREST_CREDIT__STMT_0022,93,93,2,PROC-.SP_PROCESS_MONTHLY_INTEREST_CREDIT,ROLLBACK
04_MEDIUM_PROCESS_MONTHLY_INTEREST_CREDIT__B115DB87__PROC-.SP_PROCESS_MONTHLY_INTEREST_CREDIT__STMT_0023,95,94,2,PROC-.SP_PROCESS_MONTHLY_INTEREST_CREDIT,CALL
05_MEDIUM_FUND_TRANSFER_WITH_VALIDATION__5E3A3BBB__PROC-.SP_TRANSFER_FUNDS__STMT_0001,33,33,1,PROC-.SP_TRANSFER_FUNDS,ASSIGNMENT
05_MEDIUM_FUND_TRANSFER_WITH_VALIDATION__5E3A3BBB__PROC-.SP_TRANSFER_FUNDS__STMT_0002,37,35,1,PROC-.SP_TRANSFER_FUNDS,IF
05_MEDIUM_FUND_TRANSFER_WITH_VALIDATION__5E3A3BBB__PROC-.SP_TRANSFER_FUNDS__STMT_0003,36,36,2,PROC-.SP_TRANSFER_FUNDS,RAISE
05_MEDIUM_FUND_TRANSFER_WITH_VALIDATION__5E3A3BBB__PROC-.SP_TRANSFER_FUNDS__STMT_0004,43,39,1,PROC-.SP_TRANSFER_FUNDS,IF
05_MEDIUM_FUND_TRANSFER_WITH_VALIDATION__5E3A3BBB__PROC-.SP_TRANSFER_FUNDS__STMT_0005,40,40,2,PROC-.SP_TRANSFER_FUNDS,ASSIGNMENT
05_MEDIUM_FUND_TRANSFER_WITH_VALIDATION__5E3A3BBB__PROC-.SP_TRANSFER_FUNDS__STMT_0006,41,41,2,PROC-.SP_TRANSFER_FUNDS,ASSIGNMENT
05_MEDIUM_FUND_TRANSFER_WITH_VALIDATION__5E3A3BBB__PROC-.SP_TRANSFER_FUNDS__STMT_0007,42,42,2,PROC-.SP_TRANSFER_FUNDS,RETURN
05_MEDIUM_FUND_TRANSFER_WITH_VALIDATION__5E3A3BBB__PROC-.SP_TRANSFER_FUNDS__STMT_0008,45,45,1,PROC-.SP_TRANSFER_FUNDS,SAVEPOINT
05_MEDIUM_FUND_TRANSFER_WITH_VALIDATION__5E3A3BBB__PROC-.SP_TRANSFER_FUNDS__STMT_0009,57,48,1,PROC-.SP_TRANSFER_FUNDS,BODY
05_MEDIUM_FUND_TRANSFER_WITH_VALIDATION__5E3A3BBB__PROC-.SP_TRANSFER_FUNDS__STMT_0010,53,49,2,PROC-.SP_TRANSFER_FUNDS,SELECT_INTO
05_MEDIUM_FUND_TRANSFER_WITH_VALIDATION__5E3A3BBB__PROC-.SP_TRANSFER_FUNDS__STMT_0011,56,55,2,PROC-.SP_TRANSFER_FUNDS,EXCEPTION_HANDLER
05_MEDIUM_FUND_TRANSFER_WITH_VALIDATION__5E3A3BBB__PROC-.SP_TRANSFER_FUNDS__STMT_0012,56,56,3,PROC-.SP_TRANSFER_FUNDS,RAISE
05_MEDIUM_FUND_TRANSFER_WITH_VALIDATION__5E3A3BBB__PROC-.SP_TRANSFER_FUNDS__STMT_0013,61,59,1,PROC-.SP_TRANSFER_FUNDS,IF
05_MEDIUM_FUND_TRANSFER_WITH_VALIDATION__5E3A3BBB__PROC-.SP_TRANSFER_FUNDS__STMT_0014,60,60,2,PROC-.SP_TRANSFER_FUNDS,RAISE
05_MEDIUM_FUND_TRANSFER_WITH_VALIDATION__5E3A3BBB__PROC-.SP_TRANSFER_FUNDS__STMT_0015,72,64,1,PROC-.SP_TRANSFER_FUNDS,BODY
05_MEDIUM_FUND_TRANSFER_WITH_VALIDATION__5E3A3BBB__PROC-.SP_TRANSFER_FUNDS__STMT_0016,68,65,2,PROC-.SP_TRANSFER_FUNDS,SELECT_INTO
05_MEDIUM_FUND_TRANSFER_WITH_VALIDATION__5E3A3BBB__PROC-.SP_TRANSFER_FUNDS__STMT_0017,71,70,2,PROC-.SP_TRANSFER_FUNDS,EXCEPTION_HANDLER
05_MEDIUM_FUND_TRANSFER_WITH_VALIDATION__5E3A3BBB__PROC-.SP_TRANSFER_FUNDS__STMT_0018,71,71,3,PROC-.SP_TRANSFER_FUNDS,RAISE
05_MEDIUM_FUND_TRANSFER_WITH_VALIDATION__5E3A3BBB__PROC-.SP_TRANSFER_FUNDS__STMT_0019,76,74,1,PROC-.SP_TRANSFER_FUNDS,IF
05_MEDIUM_FUND_TRANSFER_WITH_VALIDATION__5E3A3BBB__PROC-.SP_TRANSFER_FUNDS__STMT_0020,75,75,2,PROC-.SP_TRANSFER_FUNDS,RAISE
05_MEDIUM_FUND_TRANSFER_WITH_VALIDATION__5E3A3BBB__PROC-.SP_TRANSFER_FUNDS__STMT_0021,80,78,1,PROC-.SP_TRANSFER_FUNDS,IF
05_MEDIUM_FUND_TRANSFER_WITH_VALIDATION__5E3A3BBB__PROC-.SP_TRANSFER_FUNDS__STMT_0022,79,79,2,PROC-.SP_TRANSFER_FUNDS,RAISE
05_MEDIUM_FUND_TRANSFER_WITH_VALIDATION__5E3A3BBB__PROC-.SP_TRANSFER_FUNDS__STMT_0023,88,83,1,PROC-.SP_TRANSFER_FUNDS,SELECT_INTO
05_MEDIUM_FUND_TRANSFER_WITH_VALIDATION__5E3A3BBB__PROC-.SP_TRANSFER_FUNDS__STMT_0024,92,90,1,PROC-.SP_TRANSFER_FUNDS,IF
05_MEDIUM_FUND_TRANSFER_WITH_VALIDATION__5E3A3BBB__PROC-.SP_TRANSFER_FUNDS__STMT_0025,91,91,2,PROC-.SP_TRANSFER_FUNDS,RAISE
05_MEDIUM_FUND_TRANSFER_WITH_VALIDATION__5E3A3BBB__PROC-.SP_TRANSFER_FUNDS__STMT_0026,98,95,1,PROC-.SP_TRANSFER_FUNDS,UPDATE
05_MEDIUM_FUND_TRANSFER_WITH_VALIDATION__5E3A3BBB__PROC-.SP_TRANSFER_FUNDS__STMT_0027,106,100,1,PROC-.SP_TRANSFER_FUNDS,INSERT
05_MEDIUM_FUND_TRANSFER_WITH_VALIDATION__5E3A3BBB__PROC-.SP_TRANSFER_FUNDS__STMT_0028,112,109,1,PROC-.SP_TRANSFER_FUNDS,UPDATE
05_MEDIUM_FUND_TRANSFER_WITH_VALIDATION__5E3A3BBB__PROC-.SP_TRANSFER_FUNDS__STMT_0029,121,114,1,PROC-.SP_TRANSFER_FUNDS,INSERT
05_MEDIUM_FUND_TRANSFER_WITH_VALIDATION__5E3A3BBB__PROC-.SP_TRANSFER_FUNDS__STMT_0030,123,123,1,PROC-.SP_TRANSFER_FUNDS,ASSIGNMENT
05_MEDIUM_FUND_TRANSFER_WITH_VALIDATION__5E3A3BBB__PROC-.SP_TRANSFER_FUNDS__STMT_0031,124,124,1,PROC-.SP_TRANSFER_FUNDS,ASSIGNMENT
05_MEDIUM_FUND_TRANSFER_WITH_VALIDATION__5E3A3BBB__PROC-.SP_TRANSFER_FUNDS__STMT_0032,125,125,1,PROC-.SP_TRANSFER_FUNDS,COMMIT
05_MEDIUM_FUND_TRANSFER_WITH_VALIDATION__5E3A3BBB__PROC-.SP_TRANSFER_FUNDS__STMT_0033,129,128,1,PROC-.SP_TRANSFER_FUNDS,EXCEPTION_HANDLER
05_MEDIUM_FUND_TRANSFER_WITH_VALIDATION__5E3A3BBB__PROC-.SP_TRANSFER_FUNDS__STMT_0034,129,129,2,PROC-.SP_TRANSFER_FUNDS,ASSIGNMENT
05_MEDIUM_FUND_TRANSFER_WITH_VALIDATION__5E3A3BBB__PROC-.SP_TRANSFER_FUNDS__STMT_0035,129,129,2,PROC-.SP_TRANSFER_FUNDS,ASSIGNMENT
05_MEDIUM_FUND_TRANSFER_WITH_VALIDATION__5E3A3BBB__PROC-.SP_TRANSFER_FUNDS__STMT_0036,132,130,1,PROC-.SP_TRANSFER_FUNDS,EXCEPTION_HANDLER
05_MEDIUM_FUND_TRANSFER_WITH_VALIDATION__5E3A3BBB__PROC-.SP_TRANSFER_FUNDS__STMT_0037,131,131,2,PROC-.SP_TRANSFER_FUNDS,ROLLBACK
05_MEDIUM_FUND_TRANSFER_WITH_VALIDATION__5E3A3BBB__PROC-.SP_TRANSFER_FUNDS__STMT_0038,132,132,2,PROC-.SP_TRANSFER_FUNDS,ASSIGNMENT
05_MEDIUM_FUND_TRANSFER_WITH_VALIDATION__5E3A3BBB__PROC-.SP_TRANSFER_FUNDS__STMT_0039,132,132,2,PROC-.SP_TRANSFER_FUNDS,ASSIGNMENT
05_MEDIUM_FUND_TRANSFER_WITH_VALIDATION__5E3A3BBB__PROC-.SP_TRANSFER_FUNDS__STMT_0040,135,133,1,PROC-.SP_TRANSFER_FUNDS,EXCEPTION_HANDLER
05_MEDIUM_FUND_TRANSFER_WITH_VALIDATION__5E3A3BBB__PROC-.SP_TRANSFER_FUNDS__STMT_0041,134,134,2,PROC-.SP_TRANSFER_FUNDS,ROLLBACK
05_MEDIUM_FUND_TRANSFER_WITH_VALIDATION__5E3A3BBB__PROC-.SP_TRANSFER_FUNDS__STMT_0042,135,135,2,PROC-.SP_TRANSFER_FUNDS,ASSIGNMENT
05_MEDIUM_FUND_TRANSFER_WITH_VALIDATION__5E3A3BBB__PROC-.SP_TRANSFER_FUNDS__STMT_0043,135,135,2,PROC-.SP_TRANSFER_FUNDS,ASSIGNMENT
05_MEDIUM_FUND_TRANSFER_WITH_VALIDATION__5E3A3BBB__PROC-.SP_TRANSFER_FUNDS__STMT_0044,138,136,1,PROC-.SP_TRANSFER_FUNDS,EXCEPTION_HANDLER
05_MEDIUM_FUND_TRANSFER_WITH_VALIDATION__5E3A3BBB__PROC-.SP_TRANSFER_FUNDS__STMT_0045,137,137,2,PROC-.SP_TRANSFER_FUNDS,ROLLBACK
05_MEDIUM_FUND_TRANSFER_WITH_VALIDATION__5E3A3BBB__PROC-.SP_TRANSFER_FUNDS__STMT_0046,138,138,2,PROC-.SP_TRANSFER_FUNDS,ASSIGNMENT
05_MEDIUM_FUND_TRANSFER_WITH_VALIDATION__5E3A3BBB__PROC-.SP_TRANSFER_FUNDS__STMT_0047,138,138,2,PROC-.SP_TRANSFER_FUNDS,ASSIGNMENT
05_MEDIUM_FUND_TRANSFER_WITH_VALIDATION__5E3A3BBB__PROC-.SP_TRANSFER_FUNDS__STMT_0048,141,139,1,PROC-.SP_TRANSFER_FUNDS,EXCEPTION_HANDLER
05_MEDIUM_FUND_TRANSFER_WITH_VALIDATION__5E3A3BBB__PROC-.SP_TRANSFER_FUNDS__STMT_0049,140,140,2,PROC-.SP_TRANSFER_FUNDS,ROLLBACK
05_MEDIUM_FUND_TRANSFER_WITH_VALIDATION__5E3A3BBB__PROC-.SP_TRANSFER_FUNDS__STMT_0050,141,141,2,PROC-.SP_TRANSFER_FUNDS,ASSIGNMENT
05_MEDIUM_FUND_TRANSFER_WITH_VALIDATION__5E3A3BBB__PROC-.SP_TRANSFER_FUNDS__STMT_0051,141,141,2,PROC-.SP_TRANSFER_FUNDS,ASSIGNMENT
05_MEDIUM_FUND_TRANSFER_WITH_VALIDATION__5E3A3BBB__PROC-.SP_TRANSFER_FUNDS__STMT_0052,145,142,1,PROC-.SP_TRANSFER_FUNDS,EXCEPTION_HANDLER
05_MEDIUM_FUND_TRANSFER_WITH_VALIDATION__5E3A3BBB__PROC-.SP_TRANSFER_FUNDS__STMT_0053,143,143,2,PROC-.SP_TRANSFER_FUNDS,ROLLBACK
05_MEDIUM_FUND_TRANSFER_WITH_VALIDATION__5E3A3BBB__PROC-.SP_TRANSFER_FUNDS__STMT_0054,144,144,2,PROC-.SP_TRANSFER_FUNDS,ASSIGNMENT
05_MEDIUM_FUND_TRANSFER_WITH_VALIDATION__5E3A3BBB__PROC-.SP_TRANSFER_FUNDS__STMT_0055,144,144,2,PROC-.SP_TRANSFER_FUNDS,ASSIGNMENT
05_MEDIUM_FUND_TRANSFER_WITH_VALIDATION__5E3A3BBB__PROC-.SP_TRANSFER_FUNDS__STMT_0056,145,145,2,PROC-.SP_TRANSFER_FUNDS,RAISE
