from_label,from_key,to_label,to_key,properties
Statement,01_SIMPLE_CALCULATE_SIMPLE_INTEREST__4CCD8A69__FUNC-.FN_CALCULATE_SIMPLE_INTEREST__STMT_0001,Statement,01_SIMPLE_CALCULATE_SIMPLE_INTEREST__4CCD8A69__FUNC-.FN_CALCULATE_SIMPLE_INTEREST__STMT_0002,"{""branch"": ""true""}"
Statement,01_SIMPLE_CALCULATE_SIMPLE_INTEREST__4CCD8A69__FUNC-.FN_CALCULATE_SIMPLE_INTEREST__STMT_0003,Statement,01_SIMPLE_CALCULATE_SIMPLE_INTEREST__4CCD8A69__FUNC-.FN_CALCULATE_SIMPLE_INTEREST__STMT_0004,"{""branch"": ""true""}"
Statement,01_SIMPLE_CALCULATE_SIMPLE_INTEREST__4CCD8A69__FUNC-.FN_CALCULATE_SIMPLE_INTEREST__STMT_0005,Statement,01_SIMPLE_CALCULATE_SIMPLE_INTEREST__4CCD8A69__FUNC-.FN_CALCULATE_SIMPLE_INTEREST__STMT_0006,"{""branch"": ""true""}"
Statement,01_SIMPLE_CALCULATE_SIMPLE_INTEREST__4CCD8A69__FUNC-.FN_CALCULATE_SIMPLE_INTEREST__STMT_0007,Statement,01_SIMPLE_CALCULATE_SIMPLE_INTEREST__4CCD8A69__FUNC-.FN_CALCULATE_SIMPLE_INTEREST__STMT_0008,"{""branch"": ""true""}"
Statement,01_SIMPLE_CALCULATE_SIMPLE_INTEREST__4CCD8A69__FUNC-.FN_CALCULATE_SIMPLE_INTEREST__STMT_0007,Statement,01_SIMPLE_CALCULATE_SIMPLE_INTEREST__4CCD8A69__FUNC-.FN_CALCULATE_SIMPLE_INTEREST__STMT_0009,"{""branch"": ""false""}"
Statement,01_SIMPLE_CALCULATE_SIMPLE_INTEREST__4CCD8A69__FUNC-.FN_CALCULATE_SIMPLE_INTEREST__STMT_0012,Statement,01_SIMPLE_CALCULATE_SIMPLE_INTEREST__4CCD8A69__FUNC-.FN_CALCULATE_SIMPLE_INTEREST__STMT_0013,"{""branch"": ""WHEN(OTHERS)""}"
Statement,02_SIMPLE_UPDATE_DORMANT_ACCOUNT_STATUS__D2070F06__PROC-.SP_UPDATE_DORMANT_ACCOUNT_STATUS__STMT_0003,Statement,02_SIMPLE_UPDATE_DORMANT_ACCOUNT_STATUS__D2070F06__PROC-.SP_UPDATE_DORMANT_ACCOUNT_STATUS__STMT_0004,"{""branch"": ""true""}"
Statement,02_SIMPLE_UPDATE_DORMANT_ACCOUNT_STATUS__D2070F06__PROC-.SP_UPDATE_DORMANT_ACCOUNT_STATUS__STMT_0003,Statement,02_SIMPLE_UPDATE_DORMANT_ACCOUNT_STATUS__D2070F06__PROC-.SP_UPDATE_DORMANT_ACCOUNT_STATUS__STMT_0006,"{""branch"": ""elsif""}"
Statement,02_SIMPLE_UPDATE_DORMANT_ACCOUNT_STATUS__D2070F06__PROC-.SP_UPDATE_DORMANT_ACCOUNT_STATUS__STMT_0003,Statement,02_SIMPLE_UPDATE_DORMANT_ACCOUNT_STATUS__D2070F06__PROC-.SP_UPDATE_DORMANT_ACCOUNT_STATUS__STMT_0008,"{""branch"": ""false""}"
Statement,02_SIMPLE_UPDATE_DORMANT_ACCOUNT_STATUS__D2070F06__PROC-.SP_UPDATE_DORMANT_ACCOUNT_STATUS__STMT_0010,Statement,02_SIMPLE_UPDATE_DORMANT_ACCOUNT_STATUS__D2070F06__PROC-.SP_UPDATE_DORMANT_ACCOUNT_STATUS__STMT_0011,"{""branch"": ""WHEN(NO_DATA_FOUND)""}"
Statement,02_SIMPLE_UPDATE_DORMANT_ACCOUNT_STATUS__D2070F06__PROC-.SP_UPDATE_DORMANT_ACCOUNT_STATUS__STMT_0012,Statement,02_SIMPLE_UPDATE_DORMANT_ACCOUNT_STATUS__D2070F06__PROC-.SP_UPDATE_DORMANT_ACCOUNT_STATUS__STMT_0013,"{""branch"": ""WHEN(OTHERS)""}"
Statement,03_SIMPLE_CHECK_MINIMUM_BALANCE__C83B3807__PROC-.SP_CHECK_MINIMUM_BALANCE__STMT_0003,Statement,03_SIMPLE_CHECK_MINIMUM_BALANCE__C83B3807__PROC-.SP_CHECK_MINIMUM_BALANCE__STMT_0004,"{""branch"": ""true""}"
Statement,03_SIMPLE_CHECK_MINIMUM_BALANCE__C83B3807__PROC-.SP_CHECK_MINIMUM_BALANCE__STMT_0003,Statement,03_SIMPLE_CHECK_MINIMUM_BALANCE__C83B3807__PROC-.SP_CHECK_MINIMUM_BALANCE__STMT_0007,"{""branch"": ""false""}"
Statement,03_SIMPLE_CHECK_MINIMUM_BALANCE__C83B3807__PROC-.SP_CHECK_MINIMUM_BALANCE__STMT_0010,Statement,03_SIMPLE_CHECK_MINIMUM_BALANCE__C83B3807__PROC-.SP_CHECK_MINIMUM_BALANCE__STMT_0011,"{""branch"": ""WHEN(NO_DATA_FOUND)""}"
Statement,03_SIMPLE_CHECK_MINIMUM_BALANCE__C83B3807__PROC-.SP_CHECK_MINIMUM_BALANCE__STMT_0014,Statement,03_SIMPLE_CHECK_MINIMUM_BALANCE__C83B3807__PROC-.SP_CHECK_MINIMUM_BALANCE__STMT_0015,"{""branch"": ""WHEN(OTHERS)""}"
Statement,04_MEDIUM_PROCESS_MONTHLY_INTEREST_CREDIT__B115DB87__PROC-.SP_PROCESS_MONTHLY_INTEREST_CREDIT__STMT_0004,Statement,04_MEDIUM_PROCESS_MONTHLY_INTEREST_CREDIT__B115DB87__PROC-.SP_PROCESS_MONTHLY_INTEREST_CREDIT__STMT_0005,"{""branch"": ""loop body""}"
Statement,04_MEDIUM_PROCESS_MONTHLY_INTEREST_CREDIT__B115DB87__PROC-.SP_PROCESS_MONTHLY_INTEREST_CREDIT__STMT_0005,Statement,04_MEDIUM_PROCESS_MONTHLY_INTEREST_CREDIT__B115DB87__PROC-.SP_PROCESS_MONTHLY_INTEREST_CREDIT__STMT_0006,"{""branch"": ""NESTED_BLOCK#5""}"
Statement,04_MEDIUM_PROCESS_MONTHLY_INTEREST_CREDIT__B115DB87__PROC-.SP_PROCESS_MONTHLY_INTEREST_CREDIT__STMT_0006,Statement,04_MEDIUM_PROCESS_MONTHLY_INTEREST_CREDIT__B115DB87__PROC-.SP_PROCESS_MONTHLY_INTEREST_CREDIT__STMT_0007,"{""branch"": ""true""}"
Statement,04_MEDIUM_PROCESS_MONTHLY_INTEREST_CREDIT__B115DB87__PROC-.SP_PROCESS_MONTHLY_INTEREST_CREDIT__STMT_0006,Statement,04_MEDIUM_PROCESS_MONTHLY_INTEREST_CREDIT__B115DB87__PROC-.SP_PROCESS_MONTHLY_INTEREST_CREDIT__STMT_0008,"{""branch"": ""elsif""}"
Statement,04_MEDIUM_PROCESS_MONTHLY_INTEREST_CREDIT__B115DB87__PROC-.SP_PROCESS_MONTHLY_INTEREST_CREDIT__STMT_0006,Statement,04_MEDIUM_PROCESS_MONTHLY_INTEREST_CREDIT__B115DB87__PROC-.SP_PROCESS_MONTHLY_INTEREST_CREDIT__STMT_0009,"{""branch"": ""elsif""}"
Statement,04_MEDIUM_PROCESS_MONTHLY_INTEREST_CREDIT__B115DB87__PROC-.SP_PROCESS_MONTHLY_INTEREST_CREDIT__STMT_0006,Statement,04_MEDIUM_PROCESS_MONTHLY_INTEREST_CREDIT__B115DB87__PROC-.SP_PROCESS_MONTHLY_INTEREST_CREDIT__STMT_0010,"{""branch"": ""false""}"
Statement,04_MEDIUM_PROCESS_MONTHLY_INTEREST_CREDIT__B115DB87__PROC-.SP_PROCESS_MONTHLY_INTEREST_CREDIT__STMT_0012,Statement,04_MEDIUM_PROCESS_MONTHLY_INTEREST_CREDIT__B115DB87__PROC-.SP_PROCESS_MONTHLY_INTEREST_CREDIT__STMT_0013,"{""branch"": ""true""}"
Statement,04_MEDIUM_PROCESS_MONTHLY_INTEREST_CREDIT__B115DB87__PROC-.SP_PROCESS_MONTHLY_INTEREST_CREDIT__STMT_0017,Statement,04_MEDIUM_PROCESS_MONTHLY_INTEREST_CREDIT__B115DB87__PROC-.SP_PROCESS_MONTHLY_INTEREST_CREDIT__STMT_0018,"{""branch"": ""WHEN(OTHERS)""}"
Statement,04_MEDIUM_PROCESS_MONTHLY_INTEREST_CREDIT__B115DB87__PROC-.SP_PROCESS_MONTHLY_INTEREST_CREDIT__STMT_0021,Statement,04_MEDIUM_PROCESS_MONTHLY_INTEREST_CREDIT__B115DB87__PROC-.SP_PROCESS_MONTHLY_INTEREST_CREDIT__STMT_0022,"{""branch"": ""WHEN(OTHERS)""}"
Statement,05_MEDIUM_FUND_TRANSFER_WITH_VALIDATION__5E3A3BBB__PROC-.SP_TRANSFER_FUNDS__STMT_0002,Statement,05_MEDIUM_FUND_TRANSFER_WITH_VALIDATION__5E3A3BBB__PROC-.SP_TRANSFER_FUNDS__STMT_0003,"{""branch"": ""true""}"
Statement,05_MEDIUM_FUND_TRANSFER_WITH_VALIDATION__5E3A3BBB__PROC-.SP_TRANSFER_FUNDS__STMT_0004,Statement,05_MEDIUM_FUND_TRANSFER_WITH_VALIDATION__5E3A3BBB__PROC-.SP_TRANSFER_FUNDS__STMT_0005,"{""branch"": ""true""}"
Statement,05_MEDIUM_FUND_TRANSFER_WITH_VALIDATION__5E3A3BBB__PROC-.SP_TRANSFER_FUNDS__STMT_0009,Statement,05_MEDIUM_FUND_TRANSFER_WITH_VALIDATION__5E3A3BBB__PROC-.SP_TRANSFER_FUNDS__STMT_0010,"{""branch"": ""NESTED_BLOCK#9""}"
Statement,05_MEDIUM_FUND_TRANSFER_WITH_VALIDATION__5E3A3BBB__PROC-.SP_TRANSFER_FUNDS__STMT_0011,Statement,05_MEDIUM_FUND_TRANSFER_WITH_VALIDATION__5E3A3BBB__PROC-.SP_TRANSFER_FUNDS__STMT_0012,"{""branch"": ""WHEN(NO_DATA_FOUND)""}"
Statement,05_MEDIUM_FUND_TRANSFER_WITH_VALIDATION__5E3A3BBB__PROC-.SP_TRANSFER_FUNDS__STMT_0013,Statement,05_MEDIUM_FUND_TRANSFER_WITH_VALIDATION__5E3A3BBB__PROC-.SP_TRANSFER_FUNDS__STMT_0014,"{""branch"": ""true""}"
Statement,05_MEDIUM_FUND_TRANSFER_WITH_VALIDATION__5E3A3BBB__PROC-.SP_TRANSFER_FUNDS__STMT_0015,Statement,05_MEDIUM_FUND_TRANSFER_WITH_VALIDATION__5E3A3BBB__PROC-.SP_TRANSFER_FUNDS__STMT_0016,"{""branch"": ""NESTED_BLOCK#15""}"
Statement,05_MEDIUM_FUND_TRANSFER_WITH_VALIDATION__5E3A3BBB__PROC-.SP_TRANSFER_FUNDS__STMT_0017,Statement,05_MEDIUM_FUND_TRANSFER_WITH_VALIDATION__5E3A3BBB__PROC-.SP_TRANSFER_FUNDS__STMT_0018,"{""branch"": ""WHEN(NO_DATA_FOUND)""}"
Statement,05_MEDIUM_FUND_TRANSFER_WITH_VALIDATION__5E3A3BBB__PROC-.SP_TRANSFER_FUNDS__STMT_0019,Statement,05_MEDIUM_FUND_TRANSFER_WITH_VALIDATION__5E3A3BBB__PROC-.SP_TRANSFER_FUNDS__STMT_0020,"{""branch"": ""true""}"
Statement,05_MEDIUM_FUND_TRANSFER_WITH_VALIDATION__5E3A3BBB__PROC-.SP_TRANSFER_FUNDS__STMT_0021,Statement,05_MEDIUM_FUND_TRANSFER_WITH_VALIDATION__5E3A3BBB__PROC-.SP_TRANSFER_FUNDS__STMT_0022,"{""branch"": ""true""}"
Statement,05_MEDIUM_FUND_TRANSFER_WITH_VALIDATION__5E3A3BBB__PROC-.SP_TRANSFER_FUNDS__STMT_0024,Statement,05_MEDIUM_FUND_TRANSFER_WITH_VALIDATION__5E3A3BBB__PROC-.SP_TRANSFER_FUNDS__STMT_0025,"{""branch"": ""true""}"
Statement,05_MEDIUM_FUND_TRANSFER_WITH_VALIDATION__5E3A3BBB__PROC-.SP_TRANSFER_FUNDS__STMT_0033,Statement,05_MEDIUM_FUND_TRANSFER_WITH_VALIDATION__5E3A3BBB__PROC-.SP_TRANSFER_FUNDS__STMT_0034,"{""branch"": ""WHEN(E_INVALID_AMOUNT)""}"
Statement,05_MEDIUM_FUND_TRANSFER_WITH_VALIDATION__5E3A3BBB__PROC-.SP_TRANSFER_FUNDS__STMT_0036,Statement,05_MEDIUM_FUND_TRANSFER_WITH_VALIDATION__5E3A3BBB__PROC-.SP_TRANSFER_FUNDS__STMT_0037,"{""branch"": ""WHEN(E_ACCOUNT_NOT_FOUND)""}"
Statement,05_MEDIUM_FUND_TRANSFER_WITH_VALIDATION__5E3A3BBB__PROC-.SP_TRANSFER_FUNDS__STMT_0040,Statement,05_MEDIUM_FUND_TRANSFER_WITH_VALIDATION__5E3A3BBB__PROC-.SP_TRANSFER_FUNDS__STMT_0041,"{""branch"": ""WHEN(E_ACCOUNT_INACTIVE)""}"
Statement,05_MEDIUM_FUND_TRANSFER_WITH_VALIDATION__5E3A3BBB__PROC-.SP_TRANSFER_FUNDS__STMT_0044,Statement,05_MEDIUM_FUND_TRANSFER_WITH_VALIDATION__5E3A3BBB__PROC-.SP_TRANSFER_FUNDS__STMT_0045,"{""branch"": ""WHEN(E_INSUFFICIENT_BALANCE)""}"
Statement,05_MEDIUM_FUND_TRANSFER_WITH_VALIDATION__5E3A3BBB__PROC-.SP_TRANSFER_FUNDS__STMT_0048,Statement,05_MEDIUM_FUND_TRANSFER_WITH_VALIDATION__5E3A3BBB__PROC-.SP_TRANSFER_FUNDS__STMT_0049,"{""branch"": ""WHEN(E_DAILY_LIMIT_EXCEEDED)""}"
Statement,05_MEDIUM_FUND_TRANSFER_WITH_VALIDATION__5E3A3BBB__PROC-.SP_TRANSFER_FUNDS__STMT_0052,Statement,05_MEDIUM_FUND_TRANSFER_WITH_VALIDATION__5E3A3BBB__PROC-.SP_TRANSFER_FUNDS__STMT_0053,"{""branch"": ""WHEN(OTHERS)""}"
